"Points:0","Points:1","Points:2","p"
0.15597,0.061946,0,1.3753e+05
0.15597,0.061946,0.01,1.3753e+05
0.15399,0.063465,0,1.3865e+05
0.15399,0.063465,0.01,1.3865e+05
0.15343,0.063902,0,1.3887e+05
0.15343,0.063902,0.01,1.3887e+05
0.15371,0.063682,0,1.3877e+05
0.15371,0.063682,0.01,1.3877e+05
0.15455,0.063027,0,1.3835e+05
0.15455,0.063027,0.01,1.3835e+05
0.15483,0.062807,0,1.3804e+05
0.15483,0.062807,0.01,1.3804e+05
0.1554,0.062376,0,1.3772e+05
0.1554,0.062376,0.01,1.3772e+05
0.15568,0.062159,0,1.3765e+05
0.15568,0.062159,0.01,1.3765e+05
0.15512,0.062591,0,1.378e+05
0.15512,0.062591,0.01,1.378e+05
0.15427,0.063244,0,1.385e+05
0.15427,0.063244,0.01,1.385e+05
0.16417,0.056173,0,1.311e+05
0.16417,0.056173,0.01,1.311e+05
0.1861,0.0508,0,1.2616e+05
0.1861,0.0508,0.01,1.2616e+05
0.1866,0.0508,0,1.2635e+05
0.1866,0.0508,0.01,1.2635e+05
0.1871,0.0508,0,1.2653e+05
0.1871,0.0508,0.01,1.2653e+05
0.1876,0.0508,0,1.267e+05
0.1876,0.0508,0.01,1.267e+05
0.1881,0.0508,0,1.2686e+05
0.1881,0.0508,0.01,1.2686e+05
0.1886,0.0508,0,1.2701e+05
0.1886,0.0508,0.01,1.2701e+05
0.1891,0.0508,0,1.2715e+05
0.1891,0.0508,0.01,1.2715e+05
0.1896,0.0508,0,1.2728e+05
0.1896,0.0508,0.01,1.2728e+05
0.2201,0.0508,0,1.2981e+05
0.2201,0.0508,0.01,1.2981e+05
0.2206,0.0508,0,1.2982e+05
0.2206,0.0508,0.01,1.2982e+05
0.2211,0.0508,0,1.2983e+05
0.2211,0.0508,0.01,1.2983e+05
0.2216,0.0508,0,1.2984e+05
0.2216,0.0508,0.01,1.2984e+05
0.2221,0.0508,0,1.2984e+05
0.2221,0.0508,0.01,1.2984e+05
0.2226,0.0508,0,1.2985e+05
0.2226,0.0508,0.01,1.2985e+05
0.2231,0.0508,0,1.2986e+05
0.2231,0.0508,0.01,1.2986e+05
0.2236,0.0508,0,1.2987e+05
0.2236,0.0508,0.01,1.2987e+05
0.2241,0.0508,0,1.2987e+05
0.2241,0.0508,0.01,1.2987e+05
0.2246,0.0508,0,1.2988e+05
0.2246,0.0508,0.01,1.2988e+05
0.2251,0.0508,0,1.2989e+05
0.2251,0.0508,0.01,1.2989e+05
0.2256,0.0508,0,1.2989e+05
0.2256,0.0508,0.01,1.2989e+05
0.2261,0.0508,0,1.299e+05
0.2261,0.0508,0.01,1.299e+05
0.2266,0.0508,0,1.299e+05
0.2266,0.0508,0.01,1.299e+05
0.2271,0.0508,0,1.2991e+05
0.2271,0.0508,0.01,1.2991e+05
0.2276,0.0508,0,1.2991e+05
0.2276,0.0508,0.01,1.2991e+05
0.2361,0.0508,0,1.2998e+05
0.2361,0.0508,0.01,1.2998e+05
0.2366,0.0508,0,1.2998e+05
0.2366,0.0508,0.01,1.2998e+05
0.2371,0.0508,0,1.2998e+05
0.2371,0.0508,0.01,1.2998e+05
0.2376,0.0508,0,1.2998e+05
0.2376,0.0508,0.01,1.2998e+05
0.2381,0.0508,0,1.2999e+05
0.2381,0.0508,0.01,1.2999e+05
0.2386,0.0508,0,1.2999e+05
0.2386,0.0508,0.01,1.2999e+05
0.2391,0.0508,0,1.2999e+05
0.2391,0.0508,0.01,1.2999e+05
0.2396,0.0508,0,1.2999e+05
0.2396,0.0508,0.01,1.2999e+05
0.2401,0.0508,0,1.2999e+05
0.2401,0.0508,0.01,1.2999e+05
0.2406,0.0508,0,1.2999e+05
0.2406,0.0508,0.01,1.2999e+05
0.2411,0.0508,0,1.3e+05
0.2411,0.0508,0.01,1.3e+05
0.2416,0.0508,0,1.3e+05
0.2416,0.0508,0.01,1.3e+05
0.2421,0.0508,0,1.3e+05
0.2421,0.0508,0.01,1.3e+05
0.2426,0.0508,0,1.3e+05
0.2426,0.0508,0.01,1.3e+05
0.2431,0.0508,0,1.3e+05
0.2431,0.0508,0.01,1.3e+05
0.2436,0.0508,0,1.3e+05
0.2436,0.0508,0.01,1.3e+05
0.2601,0.0508,0,1.3001e+05
0.2601,0.0508,0.01,1.3001e+05
0.2606,0.0508,0,1.3001e+05
0.2606,0.0508,0.01,1.3001e+05
0.2611,0.0508,0,1.3001e+05
0.2611,0.0508,0.01,1.3001e+05
0.2616,0.0508,0,1.3001e+05
0.2616,0.0508,0.01,1.3001e+05
0.2621,0.0508,0,1.3001e+05
0.2621,0.0508,0.01,1.3001e+05
0.2626,0.0508,0,1.3001e+05
0.2626,0.0508,0.01,1.3001e+05
0.2631,0.0508,0,1.3001e+05
0.2631,0.0508,0.01,1.3001e+05
0.2636,0.0508,0,1.3001e+05
0.2636,0.0508,0.01,1.3001e+05
0.2641,0.0508,0,1.3001e+05
0.2641,0.0508,0.01,1.3001e+05
0.2646,0.0508,0,1.3e+05
0.2646,0.0508,0.01,1.3e+05
0.2651,0.0508,0,1.3e+05
0.2651,0.0508,0.01,1.3e+05
0.2656,0.0508,0,1.3e+05
0.2656,0.0508,0.01,1.3e+05
0.2661,0.0508,0,1.3e+05
0.2661,0.0508,0.01,1.3e+05
0.2666,0.0508,0,1.3e+05
0.2666,0.0508,0.01,1.3e+05
0.2671,0.0508,0,1.3e+05
0.2671,0.0508,0.01,1.3e+05
0.2676,0.0508,0,1.3e+05
0.2676,0.0508,0.01,1.3e+05
0.2751,0.0508,0,1.2997e+05
0.2751,0.0508,0.01,1.2997e+05
0.2756,0.0508,0,1.2997e+05
0.2756,0.0508,0.01,1.2997e+05
0.2761,0.0508,0,1.2997e+05
0.2761,0.0508,0.01,1.2997e+05
0.2766,0.0508,0,1.2996e+05
0.2766,0.0508,0.01,1.2996e+05
0.2771,0.0508,0,1.2996e+05
0.2771,0.0508,0.01,1.2996e+05
0.27757,0.0508,0,1.2996e+05
0.27757,0.0508,0.01,1.2996e+05
0.27804,0.0508,0,1.2997e+05
0.27804,0.0508,0.01,1.2997e+05
0.27843,0.0508,0,1.3001e+05
0.27843,0.0508,0.01,1.3001e+05
0.118,0.09203,0,1.4702e+05
0.118,0.09203,0.01,1.4702e+05
0.11952,0.091027,0,1.4693e+05
0.11952,0.091027,0.01,1.4693e+05
0.11982,0.090824,0,1.4688e+05
0.11982,0.090824,0.01,1.4688e+05
0.11891,0.091433,0,1.4698e+05
0.11891,0.091433,0.01,1.4698e+05
0.11831,0.091832,0,1.4696e+05
0.11831,0.091832,0.01,1.4696e+05
0.11861,0.091634,0,1.4697e+05
0.11861,0.091634,0.01,1.4697e+05
0.11921,0.091229,0,1.4695e+05
0.11921,0.091229,0.01,1.4695e+05
0.121,0.090005,0,1.4682e+05
0.121,0.090005,0.01,1.4682e+05
0.12189,0.089383,0,1.4676e+05
0.12189,0.089383,0.01,1.4676e+05
0.1213,0.0898,0,1.4678e+05
0.1213,0.0898,0.01,1.4678e+05
0.12159,0.089593,0,1.4678e+05
0.12159,0.089593,0.01,1.4678e+05
0.12247,0.088964,0,1.4669e+05
0.12247,0.088964,0.01,1.4669e+05
0.12276,0.088755,0,1.4672e+05
0.12276,0.088755,0.01,1.4672e+05
0.12335,0.088331,0,1.466e+05
0.12335,0.088331,0.01,1.466e+05
0.12364,0.088117,0,1.4659e+05
0.12364,0.088117,0.01,1.4659e+05
0.12306,0.088544,0,1.4668e+05
0.12306,0.088544,0.01,1.4668e+05
0.12218,0.089174,0,1.4672e+05
0.12218,0.089174,0.01,1.4672e+05
0.12041,0.090416,0,1.4688e+05
0.12041,0.090416,0.01,1.4688e+05
0.12071,0.09021,0,1.4684e+05
0.12071,0.09021,0.01,1.4684e+05
0.12011,0.090622,0,1.4689e+05
0.12011,0.090622,0.01,1.4689e+05
0.11647,0.093005,0,1.471e+05
0.11647,0.093005,0.01,1.471e+05
0.11678,0.092812,0,1.4704e+05
0.11678,0.092812,0.01,1.4704e+05
0.11739,0.092426,0,1.4705e+05
0.11739,0.092426,0.01,1.4705e+05
0.10632,0.10357,0,1.4956e+05
0.10632,0.10357,0.01,1.4956e+05
0.10673,0.10365,0,1.495e+05
0.10673,0.10365,0.01,1.495e+05
0.10717,0.10372,0,1.4946e+05
0.10717,0.10372,0.01,1.4946e+05
0.1076,0.10379,0,1.4941e+05
0.1076,0.10379,0.01,1.4941e+05
0.10804,0.10385,0,1.4937e+05
0.10804,0.10385,0.01,1.4937e+05
0.10847,0.10391,0,1.4936e+05
0.10847,0.10391,0.01,1.4936e+05
0.10891,0.10397,0,1.4934e+05
0.10891,0.10397,0.01,1.4934e+05
0.10934,0.10402,0,1.4928e+05
0.10934,0.10402,0.01,1.4928e+05
0.10979,0.10407,0,1.4924e+05
0.10979,0.10407,0.01,1.4924e+05
0.11023,0.10412,0,1.4921e+05
0.11023,0.10412,0.01,1.4921e+05
0.1107,0.10417,0,1.4918e+05
0.1107,0.10417,0.01,1.4918e+05
0.11116,0.10421,0,1.4915e+05
0.11116,0.10421,0.01,1.4915e+05
0.11164,0.10426,0,1.4912e+05
0.11164,0.10426,0.01,1.4912e+05
0.1321,0.10448,0,1.49e+05
0.1321,0.10448,0.01,1.49e+05
0.1326,0.10448,0,1.49e+05
0.1326,0.10448,0.01,1.49e+05
0.1331,0.10448,0,1.49e+05
0.1331,0.10448,0.01,1.49e+05
0.1336,0.10448,0,1.49e+05
0.1336,0.10448,0.01,1.49e+05
0.1341,0.10448,0,1.49e+05
0.1341,0.10448,0.01,1.49e+05
0.1346,0.10448,0,1.49e+05
0.1346,0.10448,0.01,1.49e+05
0.1351,0.10448,0,1.49e+05
0.1351,0.10448,0.01,1.49e+05
0.1356,0.10448,0,1.49e+05
0.1356,0.10448,0.01,1.49e+05
0.1361,0.10448,0,1.49e+05
0.1361,0.10448,0.01,1.49e+05
0.1366,0.10448,0,1.49e+05
0.1366,0.10448,0.01,1.49e+05
0.13709,0.10448,0,1.4899e+05
0.13709,0.10448,0.01,1.4899e+05
0.13758,0.10448,0,1.4899e+05
0.13758,0.10448,0.01,1.4899e+05
0.13803,0.10448,0,1.4899e+05
0.13803,0.10448,0.01,1.4899e+05
0.13849,0.10448,0,1.4895e+05
0.13849,0.10448,0.01,1.4895e+05
0.13887,0.10448,0,1.4897e+05
0.13887,0.10448,0.01,1.4897e+05
0.14353,0.071979,0,1.428e+05
0.14353,0.071979,0.01,1.428e+05
0.1438,0.07175,0,1.4274e+05
0.1438,0.07175,0.01,1.4274e+05
0.14598,0.069935,0,1.4199e+05
0.14598,0.069935,0.01,1.4199e+05
0.1479,0.068353,0,1.4132e+05
0.1479,0.068353,0.01,1.4132e+05
0.14735,0.068803,0,1.4147e+05
0.14735,0.068803,0.01,1.4147e+05
0.14763,0.068577,0,1.4143e+05
0.14763,0.068577,0.01,1.4143e+05
0.14653,0.069481,0,1.4178e+05
0.14653,0.069481,0.01,1.4178e+05
0.14681,0.069253,0,1.4168e+05
0.14681,0.069253,0.01,1.4168e+05
0.14626,0.069705,0,1.4189e+05
0.14626,0.069705,0.01,1.4189e+05
0.14708,0.069029,0,1.4155e+05
0.14708,0.069029,0.01,1.4155e+05
0.14489,0.070841,0,1.4233e+05
0.14489,0.070841,0.01,1.4233e+05
0.14544,0.070388,0,1.4217e+05
0.14544,0.070388,0.01,1.4217e+05
0.14571,0.070158,0,1.4208e+05
0.14571,0.070158,0.01,1.4208e+05
0.14517,0.070612,0,1.4226e+05
0.14517,0.070612,0.01,1.4226e+05
0.14435,0.071295,0,1.4247e+05
0.14435,0.071295,0.01,1.4247e+05
0.14462,0.071067,0,1.4243e+05
0.14462,0.071067,0.01,1.4243e+05
0.14408,0.071523,0,1.4261e+05
0.14408,0.071523,0.01,1.4261e+05
0.15204,0.065003,0,1.3962e+05
0.15204,0.065003,0.01,1.3962e+05
0.15093,0.065889,0,1.3995e+05
0.15093,0.065889,0.01,1.3995e+05
0.15148,0.065446,0,1.3982e+05
0.15148,0.065446,0.01,1.3982e+05
0.15176,0.065222,0,1.3973e+05
0.15176,0.065222,0.01,1.3973e+05
0.15121,0.065666,0,1.3986e+05
0.15121,0.065666,0.01,1.3986e+05
0.17194,0.052024,0,1.1908e+05
0.17194,0.052024,0.01,1.1908e+05
0.16792,0.053951,0,1.2657e+05
0.16792,0.053951,0.01,1.2657e+05
0.16601,0.055041,0,1.2905e+05
0.16601,0.055041,0.01,1.2905e+05
0.16447,0.05598,0,1.3089e+05
0.16447,0.05598,0.01,1.3089e+05
0.16478,0.055788,0,1.3039e+05
0.16478,0.055788,0.01,1.3039e+05
0.16539,0.055409,0,1.2913e+05
0.16539,0.055409,0.01,1.2913e+05
0.1657,0.055225,0,1.2905e+05
0.1657,0.055225,0.01,1.2905e+05
0.16508,0.055595,0,1.2966e+05
0.16508,0.055595,0.01,1.2966e+05
0.16695,0.054483,0,1.2748e+05
0.16695,0.054483,0.01,1.2748e+05
0.16632,0.054855,0,1.2879e+05
0.16632,0.054855,0.01,1.2879e+05
0.16664,0.054669,0,1.2831e+05
0.16664,0.054669,0.01,1.2831e+05
0.16727,0.054304,0,1.2667e+05
0.16727,0.054304,0.01,1.2667e+05
0.1676,0.054128,0,1.2655e+05
0.1676,0.054128,0.01,1.2655e+05
0.16989,0.052937,0,1.2363e+05
0.16989,0.052937,0.01,1.2363e+05
0.1689,0.053425,0,1.2452e+05
0.1689,0.053425,0.01,1.2452e+05
0.16825,0.053774,0,1.2632e+05
0.16825,0.053774,0.01,1.2632e+05
0.16857,0.053598,0,1.2564e+05
0.16857,0.053598,0.01,1.2564e+05
0.16923,0.053263,0,1.2378e+05
0.16923,0.053263,0.01,1.2378e+05
0.16956,0.0531,0,1.2367e+05
0.16956,0.0531,0.01,1.2367e+05
0.1709,0.052469,0,1.2107e+05
0.1709,0.052469,0.01,1.2107e+05
0.17023,0.052774,0,1.228e+05
0.17023,0.052774,0.01,1.228e+05
0.17056,0.052616,0,1.2162e+05
0.17056,0.052616,0.01,1.2162e+05
0.17125,0.052322,0,1.2078e+05
0.17125,0.052322,0.01,1.2078e+05
0.17159,0.052173,0,1.2031e+05
0.17159,0.052173,0.01,1.2031e+05
0.1901,0.0508,0,1.2741e+05
0.1901,0.0508,0.01,1.2741e+05
0.1906,0.0508,0,1.2752e+05
0.1906,0.0508,0.01,1.2752e+05
0.1911,0.0508,0,1.2763e+05
0.1911,0.0508,0.01,1.2763e+05
0.1916,0.0508,0,1.2774e+05
0.1916,0.0508,0.01,1.2774e+05
0.1921,0.0508,0,1.2784e+05
0.1921,0.0508,0.01,1.2784e+05
0.1926,0.0508,0,1.2793e+05
0.1926,0.0508,0.01,1.2793e+05
0.1931,0.0508,0,1.2802e+05
0.1931,0.0508,0.01,1.2802e+05
0.1936,0.0508,0,1.2811e+05
0.1936,0.0508,0.01,1.2811e+05
0.1941,0.0508,0,1.2819e+05
0.1941,0.0508,0.01,1.2819e+05
0.1946,0.0508,0,1.2827e+05
0.1946,0.0508,0.01,1.2827e+05
0.1951,0.0508,0,1.2834e+05
0.1951,0.0508,0.01,1.2834e+05
0.1956,0.0508,0,1.2841e+05
0.1956,0.0508,0.01,1.2841e+05
0.2041,0.0508,0,1.2922e+05
0.2041,0.0508,0.01,1.2922e+05
0.2046,0.0508,0,1.2925e+05
0.2046,0.0508,0.01,1.2925e+05
0.2051,0.0508,0,1.2928e+05
0.2051,0.0508,0.01,1.2928e+05
0.2056,0.0508,0,1.2931e+05
0.2056,0.0508,0.01,1.2931e+05
0.2061,0.0508,0,1.2934e+05
0.2061,0.0508,0.01,1.2934e+05
0.2066,0.0508,0,1.2937e+05
0.2066,0.0508,0.01,1.2937e+05
0.2281,0.0508,0,1.2992e+05
0.2281,0.0508,0.01,1.2992e+05
0.2286,0.0508,0,1.2992e+05
0.2286,0.0508,0.01,1.2992e+05
0.2291,0.0508,0,1.2993e+05
0.2291,0.0508,0.01,1.2993e+05
0.2296,0.0508,0,1.2993e+05
0.2296,0.0508,0.01,1.2993e+05
0.2301,0.0508,0,1.2994e+05
0.2301,0.0508,0.01,1.2994e+05
0.2306,0.0508,0,1.2994e+05
0.2306,0.0508,0.01,1.2994e+05
0.2311,0.0508,0,1.2994e+05
0.2311,0.0508,0.01,1.2994e+05
0.2316,0.0508,0,1.2995e+05
0.2316,0.0508,0.01,1.2995e+05
0.2441,0.0508,0,1.3e+05
0.2441,0.0508,0.01,1.3e+05
0.2446,0.0508,0,1.3001e+05
0.2446,0.0508,0.01,1.3001e+05
0.2451,0.0508,0,1.3001e+05
0.2451,0.0508,0.01,1.3001e+05
0.2456,0.0508,0,1.3001e+05
0.2456,0.0508,0.01,1.3001e+05
0.2461,0.0508,0,1.3001e+05
0.2461,0.0508,0.01,1.3001e+05
0.2466,0.0508,0,1.3001e+05
0.2466,0.0508,0.01,1.3001e+05
0.2471,0.0508,0,1.3001e+05
0.2471,0.0508,0.01,1.3001e+05
0.2476,0.0508,0,1.3001e+05
0.2476,0.0508,0.01,1.3001e+05
0.2481,0.0508,0,1.3001e+05
0.2481,0.0508,0.01,1.3001e+05
0.2486,0.0508,0,1.3001e+05
0.2486,0.0508,0.01,1.3001e+05
0.2491,0.0508,0,1.3001e+05
0.2491,0.0508,0.01,1.3001e+05
0.2496,0.0508,0,1.3001e+05
0.2496,0.0508,0.01,1.3001e+05
0.13999,0.074946,0,1.4376e+05
0.13999,0.074946,0.01,1.4376e+05
0.13891,0.075858,0,1.4402e+05
0.13891,0.075858,0.01,1.4402e+05
0.13945,0.075402,0,1.4386e+05
0.13945,0.075402,0.01,1.4386e+05
0.13973,0.075171,0,1.4381e+05
0.13973,0.075171,0.01,1.4381e+05
0.13918,0.075628,0,1.4395e+05
0.13918,0.075628,0.01,1.4395e+05
0.134,0.079954,0,1.4508e+05
0.134,0.079954,0.01,1.4508e+05
0.13591,0.078365,0,1.4469e+05
0.13591,0.078365,0.01,1.4469e+05
0.13537,0.078819,0,1.4485e+05
0.13537,0.078819,0.01,1.4485e+05
0.13564,0.078591,0,1.4474e+05
0.13564,0.078591,0.01,1.4474e+05
0.13455,0.079502,0,1.4499e+05
0.13455,0.079502,0.01,1.4499e+05
0.13482,0.079273,0,1.4484e+05
0.13482,0.079273,0.01,1.4484e+05
0.13428,0.079725,0,1.4503e+05
0.13428,0.079725,0.01,1.4503e+05
0.13509,0.079046,0,1.4485e+05
0.13509,0.079046,0.01,1.4485e+05
0.1177,0.092228,0,1.4704e+05
0.1177,0.092228,0.01,1.4704e+05
0.11709,0.092619,0,1.4703e+05
0.11709,0.092619,0.01,1.4703e+05
0.11616,0.093199,0,1.4709e+05
0.11616,0.093199,0.01,1.4709e+05
0.10342,0.099907,0,1.4615e+05
0.10342,0.099907,0.01,1.4615e+05
0.10374,0.099736,0,1.4624e+05
0.10374,0.099736,0.01,1.4624e+05
0.11213,0.1043,0,1.491e+05
0.11213,0.1043,0.01,1.491e+05
0.11262,0.10433,0,1.4907e+05
0.11262,0.10433,0.01,1.4907e+05
0.11311,0.10437,0,1.4905e+05
0.11311,0.10437,0.01,1.4905e+05
0.11361,0.1044,0,1.4902e+05
0.11361,0.1044,0.01,1.4902e+05
0.1141,0.10442,0,1.49e+05
0.1141,0.10442,0.01,1.49e+05
0.1146,0.10445,0,1.4898e+05
0.1146,0.10445,0.01,1.4898e+05
0.1151,0.10446,0,1.4896e+05
0.1151,0.10446,0.01,1.4896e+05
0.1156,0.10447,0,1.4895e+05
0.1156,0.10447,0.01,1.4895e+05
0.1161,0.10448,0,1.4894e+05
0.1161,0.10448,0.01,1.4894e+05
0.1166,0.10448,0,1.4895e+05
0.1166,0.10448,0.01,1.4895e+05
0.1171,0.10448,0,1.4896e+05
0.1171,0.10448,0.01,1.4896e+05
0.1176,0.10448,0,1.4897e+05
0.1176,0.10448,0.01,1.4897e+05
0.1181,0.10448,0,1.4898e+05
0.1181,0.10448,0.01,1.4898e+05
0.1186,0.10448,0,1.4898e+05
0.1186,0.10448,0.01,1.4898e+05
0.1191,0.10448,0,1.4899e+05
0.1191,0.10448,0.01,1.4899e+05
0.1196,0.10448,0,1.4899e+05
0.1196,0.10448,0.01,1.4899e+05
0.1201,0.10448,0,1.4899e+05
0.1201,0.10448,0.01,1.4899e+05
0.1206,0.10448,0,1.4899e+05
0.1206,0.10448,0.01,1.4899e+05
0.1211,0.10448,0,1.4899e+05
0.1211,0.10448,0.01,1.4899e+05
0.1216,0.10448,0,1.49e+05
0.1216,0.10448,0.01,1.49e+05
0.14955,0.067007,0,1.4069e+05
0.14955,0.067007,0.01,1.4069e+05
0.14982,0.066781,0,1.4052e+05
0.14982,0.066781,0.01,1.4052e+05
0.14899,0.067455,0,1.4084e+05
0.14899,0.067455,0.01,1.4084e+05
0.14844,0.067903,0,1.4105e+05
0.14844,0.067903,0.01,1.4105e+05
0.14872,0.067675,0,1.4092e+05
0.14872,0.067675,0.01,1.4092e+05
0.14927,0.067228,0,1.4077e+05
0.14927,0.067228,0.01,1.4077e+05
0.15037,0.066334,0,1.4029e+05
0.15037,0.066334,0.01,1.4029e+05
0.15065,0.06611,0,1.4014e+05
0.15065,0.06611,0.01,1.4014e+05
0.1501,0.066558,0,1.4038e+05
0.1501,0.066558,0.01,1.4038e+05
0.15287,0.064339,0,1.3911e+05
0.15287,0.064339,0.01,1.3911e+05
0.15232,0.06478,0,1.394e+05
0.15232,0.06478,0.01,1.394e+05
0.15259,0.064559,0,1.3926e+05
0.15259,0.064559,0.01,1.3926e+05
0.15315,0.06412,0,1.3897e+05
0.15315,0.06412,0.01,1.3897e+05
0.14818,0.068125,0,1.4121e+05
0.14818,0.068125,0.01,1.4121e+05
0.16,0.058982,0,1.3484e+05
0.16,0.058982,0.01,1.3484e+05
0.15854,0.060029,0,1.3592e+05
0.15854,0.060029,0.01,1.3592e+05
0.15883,0.059816,0,1.3557e+05
0.15883,0.059816,0.01,1.3557e+05
0.15941,0.059396,0,1.3496e+05
0.15941,0.059396,0.01,1.3496e+05
0.1597,0.059189,0,1.3488e+05
0.1597,0.059189,0.01,1.3488e+05
0.15912,0.059604,0,1.3523e+05
0.15912,0.059604,0.01,1.3523e+05
0.16147,0.057952,0,1.3331e+05
0.16147,0.057952,0.01,1.3331e+05
0.16177,0.057752,0,1.3304e+05
0.16177,0.057752,0.01,1.3304e+05
0.16296,0.05695,0,1.3228e+05
0.16296,0.05695,0.01,1.3228e+05
0.16387,0.056366,0,1.3122e+05
0.16387,0.056366,0.01,1.3122e+05
0.16326,0.056751,0,1.3165e+05
0.16326,0.056751,0.01,1.3165e+05
0.16356,0.056558,0,1.3128e+05
0.16356,0.056558,0.01,1.3128e+05
0.16237,0.057351,0,1.3294e+05
0.16237,0.057351,0.01,1.3294e+05
0.16266,0.05715,0,1.3266e+05
0.16266,0.05715,0.01,1.3266e+05
0.16207,0.057551,0,1.3301e+05
0.16207,0.057551,0.01,1.3301e+05
0.16088,0.058361,0,1.3411e+05
0.16088,0.058361,0.01,1.3411e+05
0.16029,0.058775,0,1.3471e+05
0.16029,0.058775,0.01,1.3471e+05
0.16059,0.058568,0,1.3443e+05
0.16059,0.058568,0.01,1.3443e+05
0.16117,0.058154,0,1.3373e+05
0.16117,0.058154,0.01,1.3373e+05
0.17231,0.051891,0,1.1796e+05
0.17231,0.051891,0.01,1.1796e+05
0.17267,0.05176,0,1.1768e+05
0.17267,0.05176,0.01,1.1768e+05
0.17341,0.051495,0,1.1609e+05
0.17341,0.051495,0.01,1.1609e+05
0.1738,0.051386,0,1.1509e+05
0.1738,0.051386,0.01,1.1509e+05
0.17304,0.051625,0,1.1731e+05
0.17304,0.051625,0.01,1.1731e+05
0.17539,0.050997,0,1.1321e+05
0.17539,0.050997,0.01,1.1321e+05
0.17581,0.050922,0,1.1271e+05
0.17581,0.050922,0.01,1.1271e+05
0.17418,0.051275,0,1.1495e+05
0.17418,0.051275,0.01,1.1495e+05
0.17457,0.051164,0,1.1385e+05
0.17457,0.051164,0.01,1.1385e+05
0.17498,0.05108,0,1.1307e+05
0.17498,0.05108,0.01,1.1307e+05
0.17625,0.050871,0,1.124e+05
0.17625,0.050871,0.01,1.124e+05
0.1767,0.050826,0,1.1254e+05
0.1767,0.050826,0.01,1.1254e+05
0.17716,0.050807,0,1.1299e+05
0.17716,0.050807,0.01,1.1299e+05
0.17763,0.0508,0,1.144e+05
0.17763,0.0508,0.01,1.144e+05
0.17812,0.0508,0,1.1672e+05
0.17812,0.0508,0.01,1.1672e+05
0.17861,0.0508,0,1.1884e+05
0.17861,0.0508,0.01,1.1884e+05
0.1791,0.0508,0,1.2012e+05
0.1791,0.0508,0.01,1.2012e+05
0.1796,0.0508,0,1.21e+05
0.1796,0.0508,0.01,1.21e+05
0.1961,0.0508,0,1.2848e+05
0.1961,0.0508,0.01,1.2848e+05
0.1966,0.0508,0,1.2854e+05
0.1966,0.0508,0.01,1.2854e+05
0.1971,0.0508,0,1.286e+05
0.1971,0.0508,0.01,1.286e+05
0.1976,0.0508,0,1.2866e+05
0.1976,0.0508,0.01,1.2866e+05
0.1981,0.0508,0,1.2871e+05
0.1981,0.0508,0.01,1.2871e+05
0.1986,0.0508,0,1.2877e+05
0.1986,0.0508,0.01,1.2877e+05
0.1991,0.0508,0,1.2882e+05
0.1991,0.0508,0.01,1.2882e+05
0.1996,0.0508,0,1.2887e+05
0.1996,0.0508,0.01,1.2887e+05
0.2001,0.0508,0,1.2891e+05
0.2001,0.0508,0.01,1.2891e+05
0.2006,0.0508,0,1.2896e+05
0.2006,0.0508,0.01,1.2896e+05
0.2011,0.0508,0,1.29e+05
0.2011,0.0508,0.01,1.29e+05
0.2016,0.0508,0,1.2904e+05
0.2016,0.0508,0.01,1.2904e+05
0.2021,0.0508,0,1.2908e+05
0.2021,0.0508,0.01,1.2908e+05
0.2026,0.0508,0,1.2912e+05
0.2026,0.0508,0.01,1.2912e+05
0.2031,0.0508,0,1.2915e+05
0.2031,0.0508,0.01,1.2915e+05
0.2036,0.0508,0,1.2919e+05
0.2036,0.0508,0.01,1.2919e+05
0.2071,0.0508,0,1.2939e+05
0.2071,0.0508,0.01,1.2939e+05
0.2076,0.0508,0,1.2942e+05
0.2076,0.0508,0.01,1.2942e+05
0.2081,0.0508,0,1.2944e+05
0.2081,0.0508,0.01,1.2944e+05
0.2086,0.0508,0,1.2947e+05
0.2086,0.0508,0.01,1.2947e+05
0.2091,0.0508,0,1.2949e+05
0.2091,0.0508,0.01,1.2949e+05
0.2096,0.0508,0,1.2951e+05
0.2096,0.0508,0.01,1.2951e+05
0.2101,0.0508,0,1.2953e+05
0.2101,0.0508,0.01,1.2953e+05
0.2106,0.0508,0,1.2955e+05
0.2106,0.0508,0.01,1.2955e+05
0.2111,0.0508,0,1.2957e+05
0.2111,0.0508,0.01,1.2957e+05
0.2116,0.0508,0,1.2959e+05
0.2116,0.0508,0.01,1.2959e+05
0.2321,0.0508,0,1.2995e+05
0.2321,0.0508,0.01,1.2995e+05
0.2326,0.0508,0,1.2996e+05
0.2326,0.0508,0.01,1.2996e+05
0.2331,0.0508,0,1.2996e+05
0.2331,0.0508,0.01,1.2996e+05
0.2336,0.0508,0,1.2996e+05
0.2336,0.0508,0.01,1.2996e+05
0.2341,0.0508,0,1.2997e+05
0.2341,0.0508,0.01,1.2997e+05
0.2346,0.0508,0,1.2997e+05
0.2346,0.0508,0.01,1.2997e+05
0.2351,0.0508,0,1.2997e+05
0.2351,0.0508,0.01,1.2997e+05
0.2356,0.0508,0,1.2997e+05
0.2356,0.0508,0.01,1.2997e+05
0.2501,0.0508,0,1.3001e+05
0.2501,0.0508,0.01,1.3001e+05
0.2506,0.0508,0,1.3001e+05
0.2506,0.0508,0.01,1.3001e+05
0.2511,0.0508,0,1.3001e+05
0.2511,0.0508,0.01,1.3001e+05
0.2516,0.0508,0,1.3001e+05
0.2516,0.0508,0.01,1.3001e+05
0.2521,0.0508,0,1.3001e+05
0.2521,0.0508,0.01,1.3001e+05
0.2526,0.0508,0,1.3001e+05
0.2526,0.0508,0.01,1.3001e+05
0.2531,0.0508,0,1.3001e+05
0.2531,0.0508,0.01,1.3001e+05
0.2536,0.0508,0,1.3001e+05
0.2536,0.0508,0.01,1.3001e+05
0.2541,0.0508,0,1.3001e+05
0.2541,0.0508,0.01,1.3001e+05
0.2546,0.0508,0,1.3001e+05
0.2546,0.0508,0.01,1.3001e+05
0.2551,0.0508,0,1.3001e+05
0.2551,0.0508,0.01,1.3001e+05
0.2556,0.0508,0,1.3001e+05
0.2556,0.0508,0.01,1.3001e+05
0.13755,0.076999,0,1.4435e+05
0.13755,0.076999,0.01,1.4435e+05
0.13782,0.076769,0,1.4428e+05
0.13782,0.076769,0.01,1.4428e+05
0.137,0.077456,0,1.4447e+05
0.137,0.077456,0.01,1.4447e+05
0.13646,0.077912,0,1.4459e+05
0.13646,0.077912,0.01,1.4459e+05
0.13673,0.077681,0,1.4453e+05
0.13673,0.077681,0.01,1.4453e+05
0.13728,0.077225,0,1.444e+05
0.13728,0.077225,0.01,1.444e+05
0.13837,0.076314,0,1.4413e+05
0.13837,0.076314,0.01,1.4413e+05
0.13864,0.076085,0,1.4409e+05
0.13864,0.076085,0.01,1.4409e+05
0.13809,0.076542,0,1.4419e+05
0.13809,0.076542,0.01,1.4419e+05
0.13619,0.078136,0,1.4463e+05
0.13619,0.078136,0.01,1.4463e+05
0.13152,0.081981,0,1.4555e+05
0.13152,0.081981,0.01,1.4555e+05
0.1318,0.081755,0,1.4537e+05
0.1318,0.081755,0.01,1.4537e+05
0.12903,0.083989,0,1.4594e+05
0.12903,0.083989,0.01,1.4594e+05
0.12986,0.083322,0,1.4585e+05
0.12986,0.083322,0.01,1.4585e+05
0.12931,0.083766,0,1.4578e+05
0.12931,0.083766,0.01,1.4578e+05
0.12958,0.083545,0,1.4583e+05
0.12958,0.083545,0.01,1.4583e+05
0.13097,0.082431,0,1.4564e+05
0.13097,0.082431,0.01,1.4564e+05
0.13042,0.082877,0,1.457e+05
0.13042,0.082877,0.01,1.457e+05
0.1307,0.082652,0,1.4566e+05
0.1307,0.082652,0.01,1.4566e+05
0.13125,0.082204,0,1.456e+05
0.13125,0.082204,0.01,1.456e+05
0.13014,0.083099,0,1.4572e+05
0.13014,0.083099,0.01,1.4572e+05
0.12791,0.084871,0,1.4609e+05
0.12791,0.084871,0.01,1.4609e+05
0.1265,0.085964,0,1.4629e+05
0.1265,0.085964,0.01,1.4629e+05
0.12678,0.085745,0,1.4611e+05
0.12678,0.085745,0.01,1.4611e+05
0.12735,0.085309,0,1.4619e+05
0.12735,0.085309,0.01,1.4619e+05
0.12763,0.085091,0,1.4611e+05
0.12763,0.085091,0.01,1.4611e+05
0.12706,0.085527,0,1.4613e+05
0.12706,0.085527,0.01,1.4613e+05
0.12593,0.0864,0,1.4634e+05
0.12593,0.0864,0.01,1.4634e+05
0.12536,0.08683,0,1.4642e+05
0.12536,0.08683,0.01,1.4642e+05
0.12565,0.086615,0,1.4634e+05
0.12565,0.086615,0.01,1.4634e+05
0.1245,0.087478,0,1.4653e+05
0.1245,0.087478,0.01,1.4653e+05
0.12479,0.087261,0,1.4638e+05
0.12479,0.087261,0.01,1.4638e+05
0.12422,0.087691,0,1.4652e+05
0.12422,0.087691,0.01,1.4652e+05
0.12508,0.087046,0,1.4638e+05
0.12508,0.087046,0.01,1.4638e+05
0.12622,0.086181,0,1.4631e+05
0.12622,0.086181,0.01,1.4631e+05
0.12847,0.084431,0,1.4599e+05
0.12847,0.084431,0.01,1.4599e+05
0.12875,0.084207,0,1.4595e+05
0.12875,0.084207,0.01,1.4595e+05
0.12819,0.084649,0,1.4603e+05
0.12819,0.084649,0.01,1.4603e+05
0.1074,0.097954,0,1.4687e+05
0.1074,0.097954,0.01,1.4687e+05
0.10774,0.097792,0,1.4686e+05
0.10774,0.097792,0.01,1.4686e+05
0.10539,0.098918,0,1.466e+05
0.10539,0.098918,0.01,1.466e+05
0.10572,0.098757,0,1.4664e+05
0.10572,0.098757,0.01,1.4664e+05
0.10439,0.099403,0,1.4641e+05
0.10439,0.099403,0.01,1.4641e+05
0.10472,0.099241,0,1.464e+05
0.10472,0.099241,0.01,1.464e+05
0.10406,0.099569,0,1.4635e+05
0.10406,0.099569,0.01,1.4635e+05
0.10505,0.099078,0,1.4647e+05
0.10505,0.099078,0.01,1.4647e+05
0.10639,0.098437,0,1.4675e+05
0.10639,0.098437,0.01,1.4675e+05
0.10673,0.098277,0,1.4675e+05
0.10673,0.098277,0.01,1.4675e+05
0.10606,0.098597,0,1.467e+05
0.10606,0.098597,0.01,1.467e+05
0.10707,0.098116,0,1.468e+05
0.10707,0.098116,0.01,1.468e+05
0.10196,0.1009,0,1.4559e+05
0.10196,0.1009,0.01,1.4559e+05
0.10174,0.10117,0,1.4663e+05
0.10174,0.10117,0.01,1.4663e+05
0.10161,0.1015,0,1.4884e+05
0.10161,0.1015,0.01,1.4884e+05
0.1025,0.10046,0,1.4575e+05
0.1025,0.10046,0.01,1.4575e+05
0.1028,0.10027,0,1.4583e+05
0.1028,0.10027,0.01,1.4583e+05
0.10222,0.10067,0,1.4552e+05
0.10222,0.10067,0.01,1.4552e+05
0.10311,0.10008,0,1.4598e+05
0.10311,0.10008,0.01,1.4598e+05
0.10169,0.10186,0,1.505e+05
0.10169,0.10186,0.01,1.505e+05
0.10191,0.10213,0,1.507e+05
0.10191,0.10213,0.01,1.507e+05
0.1022,0.10234,0,1.5066e+05
0.1022,0.10234,0.01,1.5066e+05
0.10251,0.10251,0,1.5052e+05
0.10251,0.10251,0.01,1.5052e+05
0.10284,0.10266,0,1.5032e+05
0.10284,0.10266,0.01,1.5032e+05
0.10318,0.10279,0,1.5023e+05
0.10318,0.10279,0.01,1.5023e+05
0.10355,0.10292,0,1.5012e+05
0.10355,0.10292,0.01,1.5012e+05
0.10391,0.10303,0,1.4999e+05
0.10391,0.10303,0.01,1.4999e+05
0.10942,0.096966,0,1.4702e+05
0.10942,0.096966,0.01,1.4702e+05
0.10975,0.096798,0,1.4701e+05
0.10975,0.096798,0.01,1.4701e+05
0.10841,0.097465,0,1.4695e+05
0.10841,0.097465,0.01,1.4695e+05
0.10875,0.097301,0,1.4695e+05
0.10875,0.097301,0.01,1.4695e+05
0.10808,0.097629,0,1.469e+05
0.10808,0.097629,0.01,1.469e+05
0.10908,0.097134,0,1.4699e+05
0.10908,0.097134,0.01,1.4699e+05
0.11041,0.096456,0,1.4707e+05
0.11041,0.096456,0.01,1.4707e+05
0.11074,0.096284,0,1.4705e+05
0.11074,0.096284,0.01,1.4705e+05
0.11008,0.096627,0,1.4703e+05
0.11008,0.096627,0.01,1.4703e+05
0.11107,0.09611,0,1.4707e+05
0.11107,0.09611,0.01,1.4707e+05
0.1221,0.10448,0,1.49e+05
0.1221,0.10448,0.01,1.49e+05
0.1226,0.10448,0,1.49e+05
0.1226,0.10448,0.01,1.49e+05
0.1231,0.10448,0,1.49e+05
0.1231,0.10448,0.01,1.49e+05
0.1236,0.10448,0,1.49e+05
0.1236,0.10448,0.01,1.49e+05
0.1419,0.073346,0,1.4326e+05
0.1419,0.073346,0.01,1.4326e+05
0.14136,0.073802,0,1.4345e+05
0.14136,0.073802,0.01,1.4345e+05
0.14163,0.073574,0,1.4331e+05
0.14163,0.073574,0.01,1.4331e+05
0.14299,0.072435,0,1.4294e+05
0.14299,0.072435,0.01,1.4294e+05
0.14244,0.072891,0,1.4309e+05
0.14244,0.072891,0.01,1.4309e+05
0.14272,0.07266,0,1.4301e+05
0.14272,0.07266,0.01,1.4301e+05
0.14326,0.072205,0,1.4286e+05
0.14326,0.072205,0.01,1.4286e+05
0.14217,0.073116,0,1.4318e+05
0.14217,0.073116,0.01,1.4318e+05
0.14054,0.074488,0,1.4363e+05
0.14054,0.074488,0.01,1.4363e+05
0.14081,0.074258,0,1.4343e+05
0.14081,0.074258,0.01,1.4343e+05
0.14027,0.074715,0,1.4369e+05
0.14027,0.074715,0.01,1.4369e+05
0.14108,0.074031,0,1.4345e+05
0.14108,0.074031,0.01,1.4345e+05
0.15796,0.060452,0,1.363e+05
0.15796,0.060452,0.01,1.363e+05
0.15739,0.060873,0,1.3641e+05
0.15739,0.060873,0.01,1.3641e+05
0.15768,0.060662,0,1.3635e+05
0.15768,0.060662,0.01,1.3635e+05
0.15653,0.061514,0,1.372e+05
0.15653,0.061514,0.01,1.372e+05
0.15682,0.061297,0,1.3688e+05
0.15682,0.061297,0.01,1.3688e+05
0.15625,0.061728,0,1.3739e+05
0.15625,0.061728,0.01,1.3739e+05
0.1571,0.061084,0,1.3659e+05
0.1571,0.061084,0.01,1.3659e+05
0.15825,0.06024,0,1.3614e+05
0.15825,0.06024,0.01,1.3614e+05
0.1801,0.0508,0,1.2174e+05
0.1801,0.0508,0.01,1.2174e+05
0.1806,0.0508,0,1.2239e+05
0.1806,0.0508,0.01,1.2239e+05
0.1811,0.0508,0,1.2296e+05
0.1811,0.0508,0.01,1.2296e+05
0.1816,0.0508,0,1.2344e+05
0.1816,0.0508,0.01,1.2344e+05
0.1821,0.0508,0,1.2386e+05
0.1821,0.0508,0.01,1.2386e+05
0.1826,0.0508,0,1.2424e+05
0.1826,0.0508,0.01,1.2424e+05
0.1831,0.0508,0,1.2458e+05
0.1831,0.0508,0.01,1.2458e+05
0.1836,0.0508,0,1.249e+05
0.1836,0.0508,0.01,1.249e+05
0.1841,0.0508,0,1.252e+05
0.1841,0.0508,0.01,1.252e+05
0.1846,0.0508,0,1.2547e+05
0.1846,0.0508,0.01,1.2547e+05
0.1851,0.0508,0,1.2572e+05
0.1851,0.0508,0.01,1.2572e+05
0.1856,0.0508,0,1.2595e+05
0.1856,0.0508,0.01,1.2595e+05
0.2121,0.0508,0,1.2961e+05
0.2121,0.0508,0.01,1.2961e+05
0.2126,0.0508,0,1.2962e+05
0.2126,0.0508,0.01,1.2962e+05
0.2131,0.0508,0,1.2964e+05
0.2131,0.0508,0.01,1.2964e+05
0.2136,0.0508,0,1.2965e+05
0.2136,0.0508,0.01,1.2965e+05
0.2141,0.0508,0,1.2967e+05
0.2141,0.0508,0.01,1.2967e+05
0.2146,0.0508,0,1.2968e+05
0.2146,0.0508,0.01,1.2968e+05
0.2151,0.0508,0,1.297e+05
0.2151,0.0508,0.01,1.297e+05
0.2156,0.0508,0,1.2971e+05
0.2156,0.0508,0.01,1.2971e+05
0.2161,0.0508,0,1.2972e+05
0.2161,0.0508,0.01,1.2972e+05
0.2166,0.0508,0,1.2974e+05
0.2166,0.0508,0.01,1.2974e+05
0.2171,0.0508,0,1.2975e+05
0.2171,0.0508,0.01,1.2975e+05
0.2176,0.0508,0,1.2976e+05
0.2176,0.0508,0.01,1.2976e+05
0.2181,0.0508,0,1.2977e+05
0.2181,0.0508,0.01,1.2977e+05
0.2186,0.0508,0,1.2978e+05
0.2186,0.0508,0.01,1.2978e+05
0.2191,0.0508,0,1.2979e+05
0.2191,0.0508,0.01,1.2979e+05
0.2196,0.0508,0,1.298e+05
0.2196,0.0508,0.01,1.298e+05
0.2561,0.0508,0,1.3001e+05
0.2561,0.0508,0.01,1.3001e+05
0.2566,0.0508,0,1.3001e+05
0.2566,0.0508,0.01,1.3001e+05
0.2571,0.0508,0,1.3001e+05
0.2571,0.0508,0.01,1.3001e+05
0.2576,0.0508,0,1.3001e+05
0.2576,0.0508,0.01,1.3001e+05
0.2581,0.0508,0,1.3001e+05
0.2581,0.0508,0.01,1.3001e+05
0.2586,0.0508,0,1.3001e+05
0.2586,0.0508,0.01,1.3001e+05
0.2591,0.0508,0,1.3001e+05
0.2591,0.0508,0.01,1.3001e+05
0.2596,0.0508,0,1.3001e+05
0.2596,0.0508,0.01,1.3001e+05
0.2681,0.0508,0,1.2999e+05
0.2681,0.0508,0.01,1.2999e+05
0.2686,0.0508,0,1.2999e+05
0.2686,0.0508,0.01,1.2999e+05
0.2691,0.0508,0,1.2999e+05
0.2691,0.0508,0.01,1.2999e+05
0.2696,0.0508,0,1.2999e+05
0.2696,0.0508,0.01,1.2999e+05
0.2701,0.0508,0,1.2999e+05
0.2701,0.0508,0.01,1.2999e+05
0.2706,0.0508,0,1.2998e+05
0.2706,0.0508,0.01,1.2998e+05
0.2711,0.0508,0,1.2998e+05
0.2711,0.0508,0.01,1.2998e+05
0.2716,0.0508,0,1.2998e+05
0.2716,0.0508,0.01,1.2998e+05
0.2721,0.0508,0,1.2998e+05
0.2721,0.0508,0.01,1.2998e+05
0.2726,0.0508,0,1.2998e+05
0.2726,0.0508,0.01,1.2998e+05
0.2731,0.0508,0,1.2998e+05
0.2731,0.0508,0.01,1.2998e+05
0.2736,0.0508,0,1.2997e+05
0.2736,0.0508,0.01,1.2997e+05
0.2741,0.0508,0,1.2997e+05
0.2741,0.0508,0.01,1.2997e+05
0.2746,0.0508,0,1.2997e+05
0.2746,0.0508,0.01,1.2997e+05
0.12393,0.087905,0,1.4654e+05
0.12393,0.087905,0.01,1.4654e+05
0.1114,0.095936,0,1.471e+05
0.1114,0.095936,0.01,1.471e+05
0.11173,0.095762,0,1.4709e+05
0.11173,0.095762,0.01,1.4709e+05
0.11492,0.093953,0,1.4713e+05
0.11492,0.093953,0.01,1.4713e+05
0.11585,0.093387,0,1.4709e+05
0.11585,0.093387,0.01,1.4709e+05
0.11523,0.093765,0,1.4702e+05
0.11523,0.093765,0.01,1.4702e+05
0.11554,0.093576,0,1.4702e+05
0.11554,0.093576,0.01,1.4702e+05
0.11398,0.094507,0,1.4714e+05
0.11398,0.094507,0.01,1.4714e+05
0.11334,0.09487,0,1.4712e+05
0.11334,0.09487,0.01,1.4712e+05
0.11366,0.094689,0,1.4711e+05
0.11366,0.094689,0.01,1.4711e+05
0.11238,0.095407,0,1.4712e+05
0.11238,0.095407,0.01,1.4712e+05
0.1127,0.095231,0,1.4702e+05
0.1127,0.095231,0.01,1.4702e+05
0.11206,0.095584,0,1.471e+05
0.11206,0.095584,0.01,1.471e+05
0.11302,0.09505,0,1.4705e+05
0.11302,0.09505,0.01,1.4705e+05
0.11429,0.094322,0,1.471e+05
0.11429,0.094322,0.01,1.471e+05
0.1146,0.094137,0,1.471e+05
0.1146,0.094137,0.01,1.471e+05
0.1329,0.080858,0,1.4531e+05
0.1329,0.080858,0.01,1.4531e+05
0.13345,0.080406,0,1.4518e+05
0.13345,0.080406,0.01,1.4518e+05
0.13373,0.080177,0,1.4512e+05
0.13373,0.080177,0.01,1.4512e+05
0.13318,0.080629,0,1.4525e+05
0.13318,0.080629,0.01,1.4525e+05
0.13235,0.081306,0,1.4542e+05
0.13235,0.081306,0.01,1.4542e+05
0.13263,0.081082,0,1.4533e+05
0.13263,0.081082,0.01,1.4533e+05
0.13208,0.081531,0,1.4539e+05
0.13208,0.081531,0.01,1.4539e+05
0.10429,0.10313,0,1.499e+05
0.10429,0.10313,0.01,1.499e+05
0.10468,0.10323,0,1.4982e+05
0.10468,0.10323,0.01,1.4982e+05
0.10508,0.10332,0,1.4972e+05
0.10508,0.10332,0.01,1.4972e+05
0.10548,0.10341,0,1.4965e+05
0.10548,0.10341,0.01,1.4965e+05
0.10589,0.10349,0,1.4962e+05
0.10589,0.10349,0.01,1.4962e+05
0.1241,0.10448,0,1.49e+05
0.1241,0.10448,0.01,1.49e+05
0.1246,0.10448,0,1.49e+05
0.1246,0.10448,0.01,1.49e+05
0.1251,0.10448,0,1.49e+05
0.1251,0.10448,0.01,1.49e+05
0.1256,0.10448,0,1.49e+05
0.1256,0.10448,0.01,1.49e+05
0.1261,0.10448,0,1.49e+05
0.1261,0.10448,0.01,1.49e+05
0.1266,0.10448,0,1.49e+05
0.1266,0.10448,0.01,1.49e+05
0.1271,0.10448,0,1.49e+05
0.1271,0.10448,0.01,1.49e+05
0.1276,0.10448,0,1.49e+05
0.1276,0.10448,0.01,1.49e+05
0.1281,0.10448,0,1.49e+05
0.1281,0.10448,0.01,1.49e+05
0.1286,0.10448,0,1.49e+05
0.1286,0.10448,0.01,1.49e+05
0.1291,0.10448,0,1.49e+05
0.1291,0.10448,0.01,1.49e+05
0.1296,0.10448,0,1.49e+05
0.1296,0.10448,0.01,1.49e+05
0.1301,0.10448,0,1.49e+05
0.1301,0.10448,0.01,1.49e+05
0.1306,0.10448,0,1.49e+05
0.1306,0.10448,0.01,1.49e+05
0.1311,0.10448,0,1.49e+05
0.1311,0.10448,0.01,1.49e+05
0.1316,0.10448,0,1.49e+05
0.1316,0.10448,0.01,1.49e+05
0.27883,0.0508,0,1.3005e+05
0.27883,0.0508,0.01,1.3005e+05
0.00079311,0.127,0,1.4725e+05
0.00079311,0.127,0.01,1.4725e+05
0.00168,0.127,0,1.4724e+05
0.00168,0.127,0.01,1.4724e+05
0.0025263,0.127,0,1.4722e+05
0.0025263,0.127,0.01,1.4722e+05
0.0035419,0.127,0,1.4721e+05
0.0035419,0.127,0.01,1.4721e+05
0.0044992,0.127,0,1.472e+05
0.0044992,0.127,0.01,1.472e+05
0.0055518,0.127,0,1.4719e+05
0.0055518,0.127,0.01,1.4719e+05
0.0065584,0.127,0,1.4719e+05
0.0065584,0.127,0.01,1.4719e+05
0.0075852,0.127,0,1.4718e+05
0.0075852,0.127,0.01,1.4718e+05
0.0085905,0.127,0,1.4718e+05
0.0085905,0.127,0.01,1.4718e+05
0.0095965,0.127,0,1.4717e+05
0.0095965,0.127,0.01,1.4717e+05
0.010597,0.127,0,1.4717e+05
0.010597,0.127,0.01,1.4717e+05
0.011598,0.127,0,1.4717e+05
0.011598,0.127,0.01,1.4717e+05
0.012598,0.127,0,1.4717e+05
0.012598,0.127,0.01,1.4717e+05
0.013597,0.127,0,1.4717e+05
0.013597,0.127,0.01,1.4717e+05
0.014597,0.127,0,1.4717e+05
0.014597,0.127,0.01,1.4717e+05
0.015597,0.127,0,1.4717e+05
0.015597,0.127,0.01,1.4717e+05
0.016598,0.127,0,1.4717e+05
0.016598,0.127,0.01,1.4717e+05
0.017598,0.127,0,1.4718e+05
0.017598,0.127,0.01,1.4718e+05
0.018598,0.127,0,1.4718e+05
0.018598,0.127,0.01,1.4718e+05
0.019598,0.127,0,1.4718e+05
0.019598,0.127,0.01,1.4718e+05
0.020598,0.127,0,1.4719e+05
0.020598,0.127,0.01,1.4719e+05
0.021598,0.127,0,1.4719e+05
0.021598,0.127,0.01,1.4719e+05
0.022597,0.127,0,1.472e+05
0.022597,0.127,0.01,1.472e+05
0.023597,0.127,0,1.472e+05
0.023597,0.127,0.01,1.472e+05
0.024597,0.127,0,1.4721e+05
0.024597,0.127,0.01,1.4721e+05
0.025597,0.127,0,1.4721e+05
0.025597,0.127,0.01,1.4721e+05
0.026597,0.127,0,1.4722e+05
0.026597,0.127,0.01,1.4722e+05
0.027598,0.127,0,1.4723e+05
0.027598,0.127,0.01,1.4723e+05
0.052598,0.127,0,1.4754e+05
0.052598,0.127,0.01,1.4754e+05
0.053597,0.127,0,1.4756e+05
0.053597,0.127,0.01,1.4756e+05
0.054598,0.127,0,1.4758e+05
0.054598,0.127,0.01,1.4758e+05
0.055597,0.127,0,1.476e+05
0.055597,0.127,0.01,1.476e+05
0.056598,0.127,0,1.4762e+05
0.056598,0.127,0.01,1.4762e+05
0.057597,0.127,0,1.4764e+05
0.057597,0.127,0.01,1.4764e+05
0.058598,0.127,0,1.4766e+05
0.058598,0.127,0.01,1.4766e+05
0.059597,0.127,0,1.4768e+05
0.059597,0.127,0.01,1.4768e+05
0.060598,0.127,0,1.4771e+05
0.060598,0.127,0.01,1.4771e+05
0.061597,0.127,0,1.4773e+05
0.061597,0.127,0.01,1.4773e+05
0.062597,0.127,0,1.4775e+05
0.062597,0.127,0.01,1.4775e+05
0.063598,0.127,0,1.4778e+05
0.063598,0.127,0.01,1.4778e+05
0.064598,0.127,0,1.478e+05
0.064598,0.127,0.01,1.478e+05
0.065597,0.127,0,1.4783e+05
0.065597,0.127,0.01,1.4783e+05
0.066597,0.127,0,1.4785e+05
0.066597,0.127,0.01,1.4785e+05
0.076597,0.127,0,1.4815e+05
0.076597,0.127,0.01,1.4815e+05
0.077597,0.127,0,1.4818e+05
0.077597,0.127,0.01,1.4818e+05
0.078598,0.127,0,1.4821e+05
0.078598,0.127,0.01,1.4821e+05
0.079598,0.127,0,1.4824e+05
0.079598,0.127,0.01,1.4824e+05
0.028598,0.127,0,1.4723e+05
0.028598,0.127,0.01,1.4723e+05
0.029598,0.127,0,1.4724e+05
0.029598,0.127,0.01,1.4724e+05
0.030598,0.127,0,1.4725e+05
0.030598,0.127,0.01,1.4725e+05
0.031597,0.127,0,1.4726e+05
0.031597,0.127,0.01,1.4726e+05
0.032598,0.127,0,1.4727e+05
0.032598,0.127,0.01,1.4727e+05
0.033597,0.127,0,1.4728e+05
0.033597,0.127,0.01,1.4728e+05
0.034598,0.127,0,1.4729e+05
0.034598,0.127,0.01,1.4729e+05
0.035597,0.127,0,1.473e+05
0.035597,0.127,0.01,1.473e+05
0.036598,0.127,0,1.4731e+05
0.036598,0.127,0.01,1.4731e+05
0.037597,0.127,0,1.4732e+05
0.037597,0.127,0.01,1.4732e+05
0.038598,0.127,0,1.4733e+05
0.038598,0.127,0.01,1.4733e+05
0.039598,0.127,0,1.4734e+05
0.039598,0.127,0.01,1.4734e+05
0.040597,0.127,0,1.4736e+05
0.040597,0.127,0.01,1.4736e+05
0.041598,0.127,0,1.4737e+05
0.041598,0.127,0.01,1.4737e+05
0.042597,0.127,0,1.4738e+05
0.042597,0.127,0.01,1.4738e+05
0.043598,0.127,0,1.474e+05
0.043598,0.127,0.01,1.474e+05
0.067598,0.127,0,1.4788e+05
0.067598,0.127,0.01,1.4788e+05
0.068598,0.127,0,1.4791e+05
0.068598,0.127,0.01,1.4791e+05
0.069597,0.127,0,1.4794e+05
0.069597,0.127,0.01,1.4794e+05
0.070597,0.127,0,1.4796e+05
0.070597,0.127,0.01,1.4796e+05
0.071598,0.127,0,1.4799e+05
0.071598,0.127,0.01,1.4799e+05
0.072598,0.127,0,1.4802e+05
0.072598,0.127,0.01,1.4802e+05
0.073597,0.127,0,1.4805e+05
0.073597,0.127,0.01,1.4805e+05
0.074598,0.127,0,1.4808e+05
0.074598,0.127,0.01,1.4808e+05
0.075598,0.127,0,1.4811e+05
0.075598,0.127,0.01,1.4811e+05
0.080597,0.127,0,1.4827e+05
0.080597,0.127,0.01,1.4827e+05
0.081597,0.127,0,1.4831e+05
0.081597,0.127,0.01,1.4831e+05
0.082598,0.127,0,1.4834e+05
0.082598,0.127,0.01,1.4834e+05
0.083598,0.127,0,1.4837e+05
0.083598,0.127,0.01,1.4837e+05
0.084597,0.127,0,1.4841e+05
0.084597,0.127,0.01,1.4841e+05
0.085598,0.127,0,1.4844e+05
0.085598,0.127,0.01,1.4844e+05
0.086598,0.127,0,1.4847e+05
0.086598,0.127,0.01,1.4847e+05
0.087597,0.127,0,1.4851e+05
0.087597,0.127,0.01,1.4851e+05
0.088597,0.127,0,1.4854e+05
0.088597,0.127,0.01,1.4854e+05
0.089598,0.127,0,1.4857e+05
0.089598,0.127,0.01,1.4857e+05
0.090598,0.127,0,1.486e+05
0.090598,0.127,0.01,1.486e+05
0.091597,0.127,0,1.4863e+05
0.091597,0.127,0.01,1.4863e+05
0.092597,0.127,0,1.4866e+05
0.092597,0.127,0.01,1.4866e+05
0.093598,0.127,0,1.4869e+05
0.093598,0.127,0.01,1.4869e+05
0.1086,0.127,0,1.4897e+05
0.1086,0.127,0.01,1.4897e+05
0.1096,0.127,0,1.4898e+05
0.1096,0.127,0.01,1.4898e+05
0.1106,0.127,0,1.4898e+05
0.1106,0.127,0.01,1.4898e+05
0.1116,0.127,0,1.4899e+05
0.1116,0.127,0.01,1.4899e+05
0.1126,0.127,0,1.4899e+05
0.1126,0.127,0.01,1.4899e+05
0.1136,0.127,0,1.49e+05
0.1136,0.127,0.01,1.49e+05
0.1146,0.127,0,1.49e+05
0.1146,0.127,0.01,1.49e+05
0.1156,0.127,0,1.49e+05
0.1156,0.127,0.01,1.49e+05
0.094598,0.127,0,1.4872e+05
0.094598,0.127,0.01,1.4872e+05
0.095597,0.127,0,1.4875e+05
0.095597,0.127,0.01,1.4875e+05
0.096598,0.127,0,1.4877e+05
0.096598,0.127,0.01,1.4877e+05
0.097598,0.127,0,1.488e+05
0.097598,0.127,0.01,1.488e+05
0.098597,0.127,0,1.4882e+05
0.098597,0.127,0.01,1.4882e+05
0.099597,0.127,0,1.4884e+05
0.099597,0.127,0.01,1.4884e+05
0.1006,0.127,0,1.4886e+05
0.1006,0.127,0.01,1.4886e+05
0.1016,0.127,0,1.4888e+05
0.1016,0.127,0.01,1.4888e+05
0.1026,0.127,0,1.489e+05
0.1026,0.127,0.01,1.489e+05
0.1036,0.127,0,1.4891e+05
0.1036,0.127,0.01,1.4891e+05
0.1046,0.127,0,1.4893e+05
0.1046,0.127,0.01,1.4893e+05
0.1056,0.127,0,1.4894e+05
0.1056,0.127,0.01,1.4894e+05
0.1066,0.127,0,1.4895e+05
0.1066,0.127,0.01,1.4895e+05
0.1076,0.127,0,1.4896e+05
0.1076,0.127,0.01,1.4896e+05
0.1166,0.127,0,1.4901e+05
0.1166,0.127,0.01,1.4901e+05
0.1176,0.127,0,1.4901e+05
0.1176,0.127,0.01,1.4901e+05
0.1186,0.127,0,1.4901e+05
0.1186,0.127,0.01,1.4901e+05
0.1196,0.127,0,1.4901e+05
0.1196,0.127,0.01,1.4901e+05
0.1206,0.127,0,1.4901e+05
0.1206,0.127,0.01,1.4901e+05
0.1216,0.127,0,1.4901e+05
0.1216,0.127,0.01,1.4901e+05
0.1226,0.127,0,1.4901e+05
0.1226,0.127,0.01,1.4901e+05
0.1236,0.127,0,1.4901e+05
0.1236,0.127,0.01,1.4901e+05
0.044597,0.127,0,1.4741e+05
0.044597,0.127,0.01,1.4741e+05
0.045598,0.127,0,1.4743e+05
0.045598,0.127,0.01,1.4743e+05
0.046597,0.127,0,1.4744e+05
0.046597,0.127,0.01,1.4744e+05
0.047598,0.127,0,1.4746e+05
0.047598,0.127,0.01,1.4746e+05
0.048597,0.127,0,1.4747e+05
0.048597,0.127,0.01,1.4747e+05
0.049598,0.127,0,1.4749e+05
0.049598,0.127,0.01,1.4749e+05
0.050598,0.127,0,1.4751e+05
0.050598,0.127,0.01,1.4751e+05
0.051597,0.127,0,1.4752e+05
0.051597,0.127,0.01,1.4752e+05
0.1246,0.127,0,1.4901e+05
0.1246,0.127,0.01,1.4901e+05
0.1256,0.127,0,1.4901e+05
0.1256,0.127,0.01,1.4901e+05
0.1266,0.127,0,1.4901e+05
0.1266,0.127,0.01,1.4901e+05
0.1276,0.127,0,1.4901e+05
0.1276,0.127,0.01,1.4901e+05
0.1286,0.127,0,1.4901e+05
0.1286,0.127,0.01,1.4901e+05
0.1296,0.127,0,1.4901e+05
0.1296,0.127,0.01,1.4901e+05
0.13061,0.127,0,1.4901e+05
0.13061,0.127,0.01,1.4901e+05
0.13162,0.127,0,1.4901e+05
0.13162,0.127,0.01,1.4901e+05
0.13266,0.127,0,1.4901e+05
0.13266,0.127,0.01,1.4901e+05
0.13368,0.127,0,1.4901e+05
0.13368,0.127,0.01,1.4901e+05
0.13478,0.127,0,1.4901e+05
0.13478,0.127,0.01,1.4901e+05
0.13578,0.127,0,1.4901e+05
0.13578,0.127,0.01,1.4901e+05
0.13686,0.127,0,1.4901e+05
0.13686,0.127,0.01,1.4901e+05
0.13777,0.127,0,1.49e+05
0.13777,0.127,0.01,1.49e+05
0.13925,0.10448,0,1.4902e+05
0.13925,0.10448,0.01,1.4902e+05
0.13873,0.127,0,1.49e+05
0.13873,0.127,0.01,1.49e+05
0.2792,0.0508,0,1.3007e+05
0.2792,0.0508,0.01,1.3007e+05
0,0.127,0,1.4727e+05
0,0.127,0.01,1.4727e+05
0.1396,0.10448,0,1.4901e+05
0.1396,0.10448,0.01,1.4901e+05
0.1396,0.127,0,1.49e+05
0.1396,0.127,0.01,1.49e+05
